{
    "timestamp": "20250514_173536",
    "best_params": {
        "rolling_volatility_window": 42,
        "trix_period": 66,
        "tema_period": 25,
        "bbands_period": 36,
        "macd_fast": 19,
        "macd_slow": 21,
        "obv_window": 6,
        "ewma_span": 13,
        "num_leaves": 30,
        "learning_rate": 0.032171418441431746,
        "n_estimators": 205,
        "min_child_samples": 25,
        "subsample": 0.7887345141956862,
        "colsample_bytree": 0.6167243607269981,
        "reg_alpha": 0.9391608103801528,
        "reg_lambda": 0.2729140344134735
    },
    "accuracy": 0.5806,
    "precision": 0.5941,
    "recall": 0.2804,
    "f1_score": 0.381,
    "duration_seconds": 36599.05,
    "portfolio_balances": {
        "dynamic": 10563.57,
        "balanced": 10250.97,
        "ultra_aggressive": 11325.63
    }
}