{
    "timestamp": "20250514_031241",
    "best_params": {
        "rolling_volatility_window": 29,
        "trix_period": 29,
        "tema_period": 50,
        "bbands_period": 17,
        "macd_fast": 3,
        "macd_slow": 5,
        "obv_window": 51,
        "ewma_span": 31,
        "num_leaves": 53,
        "learning_rate": 0.03706336180587965,
        "n_estimators": 205,
        "min_child_samples": 14,
        "subsample": 0.6950979729460227,
        "colsample_bytree": 0.8297864110762734,
        "reg_alpha": 0.9259558363558925,
        "reg_lambda": 0.7982538656396998
    },
    "accuracy": 0.5575,
    "precision": 0.5919,
    "recall": 0.3494,
    "f1_score": 0.4394,
    "duration_seconds": 2827.22,
    "portfolio_balances": {
        "dynamic": 10617.32,
        "balanced": 10343.58,
        "ultra_aggressive": 11000.23
    }
}